rank,Youtuber,subscribers,video views,video count,category,started
1,T-Series,222000000,198459090822,17317,Music,2006
2,YouTube Movies,154000000,0,0,Film & Animation,2015
3,Cocomelon - Nursery Rhymes,140000000,135481339848,786,Education,2006
4,SET India,139000000,125764252686,91271,Shows,2006
5,Music,116000000,0,0,,2013
6,PewDiePie,111000000,28469458228,4497,Gaming,2010
7,MrBeast,102000000,16832456681,726,Entertainment,2012
8,✿ Kids Diana Show,99700000,79602288245,1009,People & Blogs,2015
9,Like Nastya,99200000,81963845811,702,People & Blogs,2016
10,Gaming,92700000,0,0,,2013
11,WWE,90200000,70544743313,63077,Sports,2007
12,Zee Music Company,86700000,49067711243,6603,Music,2014
13,Vlad and Niki,85100000,66498762660,472,Entertainment,2018
14,5-Minute Crafts,77100000,23881457195,5581,Howto & Style,2016
15,BLACKPINK,76200000,24707415704,397,People & Blogs,2016
16,Sports,75100000,0,0,,2013
17,Goldmines,74100000,18533088438,3968,Film & Animation,2012
18,Sony SAB,70600000,82473581441,56295,Shows,2007
19,BANGTANTV,70000000,17471090750,1787,Music,2012
20,Justin Bieber,69700000,28567240999,247,Music,2007
21,HYBE LABELS,67800000,24013849120,971,Music,2008
22,Canal KondZilla,65900000,36576704790,2313,Music,2012
23,Zee TV,63000000,17111576122,60802,Entertainment,2005
24,Shemaroo Filmi Gaane,61300000,28579945247,7884,Music,2010
25,Pinkfong Baby Shark - Kids' Songs & Stories,59400000,32107290522,2374,Education,2011
26,Dude Perfect,58100000,14742860905,297,Sports,2009
27,ChuChu TV Nursery Rhymes & Kids Songs,57700000,39266652127,506,Education,2013
28,Movieclips,57600000,58839819120,39202,Film & Animation,2006
29,Marshmello,55700000,13445424556,401,Entertainment,2015
30,Colors TV,55100000,52611504230,87427,Shows,2008
31,Wave Music,53400000,37230876862,18622,Music,2014
32,EminemMusic,53000000,23717869724,140,Music,2007
33,Aaj Tak,52900000,20204939173,196497,News & Politics,2009
34,Tips Official,52800000,27883080973,3612,Music,2007
35,T-Series Bhakti Sagar,52500000,24278576197,23870,Music,2011
36,Sony Music India,52400000,24856641898,3180,Music,2009
37,Ed Sheeran,52200000,27881781761,253,Music,2006
38,El Reino Infantil,51700000,49895247456,1309,Music,2011
39,Ariana Grande,51600000,22158094076,146,Music,2007
40,LooLoo Kids - Nursery Rhymes and Children's Songs,49800000,29013984394,553,Music,2014
41,YRF,47600000,29366788406,3289,Film & Animation,2006
42,Taylor Swift,47100000,25563795998,189,Music,2006
43,Billie Eilish,46200000,11999349578,48,Music,2013
44,JuegaGerman,46100000,13698034536,1959,Gaming,2013
45,BillionSurpriseToys - English Kids Songs & Cartoon,45700000,8590657189,648,Education,2013
46,Infobells - Hindi,45600000,25635591765,476,Education,2014
47,Badabun,45600000,18567925780,13814,Entertainment,2014
48,Fernanfloo,45100000,9966728650,541,Gaming,2011
49,Felipe Neto,44300000,15475571879,3512,Entertainment,2006
50,BRIGHT SIDE,43900000,10058536263,4540,Howto & Style,2017
51,whinderssonnunes,43900000,4120078906,521,Comedy,2013
52,Você Sabia?,43300000,7284075395,1315,Entertainment,2013
53,HolaSoyGerman.,43300000,4735959546,136,Entertainment,2011
54,Katy Perry,43200000,23966278157,118,Music,2008
55,SonyMusicIndiaVEVO,42700000,23991411417,3309,Music,2009
56,Bad Bunny,42500000,23748805401,123,Music,2014
57,Alan Walker,42200000,11731228995,318,Music,2012
58,Like Nastya Show,41500000,18745015002,599,Entertainment,2017
59,Get Movies,41300000,28559341412,3963,Entertainment,2006
60,A4,41200000,16717234472,645,Gaming,2014
61,Speed Records,40800000,24558172214,10327,Music,2012
62,ABS-CBN Entertainment,40600000,47544242811,179522,People & Blogs,2008
63,elrubiusOMG,40400000,7483116325,705,Gaming,2011
64,Shemaroo,39700000,20489429972,9707,Entertainment,2007
65,Rihanna,39600000,20092128845,79,Entertainment,2005
66,Little Baby Bum - Nursery Rhymes & Kids Songs,39500000,37136069429,1989,Education,2011
67,Luisito Comunica,39200000,7691260396,1119,Comedy,2012
68,Voot Kids,38800000,17685426640,3282,Entertainment,2016
69,Маша и Медведь,38700000,32833907997,1198,Film & Animation,2011
70,TheEllenShow,38300000,22335550787,14404,Entertainment,2006
71,LUCCAS NETO - LUCCAS TOON,37800000,20454693770,1875,People & Blogs,2014
72,Ishtar Music,37800000,14999240876,4535,Trailers,2005
73,GR6 EXPLODE,37600000,23912270526,4180,Music,2014
74,XXXTENTACION,37600000,9725253939,126,Music,2015
75,One Direction,37400000,12698961117,157,Music,2010
76,Shakira,37200000,23715669906,287,People & Blogs,2005
77,Kimberly Loaiza,37200000,4254148920,206,People & Blogs,2016
78,WorkpointOfficial,37000000,33773658170,62039,Entertainment,2012
79,Daddy Yankee,36800000,20479831396,423,Music,2011
80,Toys and Colors,36500000,40932580174,821,Entertainment,2016
81,CarryMinati,36300000,2948237121,178,Comedy,2014
82,News,36200000,0,0,,2013
83,Maroon 5,36000000,20838666788,163,Music,2006
84,shfa,35900000,19083355034,847,People & Blogs,2015
85,TEDx Talks,35900000,6660397688,185006,Nonprofits & Activism,2009
86,shfa2 - شفا,35800000,20816532667,1351,People & Blogs,2017
87,Jkk Entertainment,35700000,15133442317,194,Comedy,2017
88,Super Simple Songs - Kids Songs,35300000,37440873935,600,Education,2006
89,Bruno Mars,35300000,17395825825,97,Music,2006
90,Ozuna,35200000,21048440606,137,Music,2016
91,Masha and The Bear,35100000,19426654260,935,Shows,2014
92,one31,34400000,26969165355,128901,Entertainment,2013
93,Goldmines Gaane Sune Ansune,34300000,14212434275,3171,Music,2015
94,Like Nastya ESP,33600000,15934957738,630,Entertainment,2017
95,J Balvin,33600000,21489532517,134,Music,2011
96,Mikecrack,33500000,13775632479,1727,Gaming,2015
97,VEGETTA777,33400000,14948682643,7130,Gaming,2008
98,Ultra Bollywood,33400000,15508274562,9078,Trailers,2009
99,Markiplier,33300000,18701808550,5200,Gaming,2012
100,YouTube,33300000,2725286912,540,News & Politics,1970
101,ABP NEWS,33200000,10421462788,224455,People & Blogs,2012
102,Total Gaming,33200000,5935440954,1894,Gaming,2018
103,Maria Clara & JP,33100000,20224535670,627,People & Blogs,2015
104,Desi Music Factory,33000000,9481987642,125,Music,2014
105,Ryan's World,32900000,51721734476,2198,Entertainment,2015
106,Geet MP3,32800000,11575367431,563,Music,2016
107,Sony PAL,32700000,23519452138,19383,Shows,2014
108,NoCopyrightSounds,32700000,10436881173,1116,Music,2011
109,SSSniperWolf,32500000,20583922757,3095,Gaming,2013
110,T-Series Apna Punjab,32300000,18933492606,6524,Music,2011
111,ARY Digital HD,32200000,25304311207,71075,Entertainment,2016
112,KHANDESHI MOVIES,32100000,10676727914,191,Comedy,2013
113,IndiaTV,31900000,13417041251,237971,News & Politics,2006
114,HAR PAL GEO,31900000,26003463646,61818,Entertainment,2008
115,JustinBieberVEVO,31800000,25304909929,205,Music,2009
116,Ch3Thailand,31600000,20335720484,76039,Entertainment,2014
117,La Granja de Zenón,31500000,22808879757,558,Music,2013
118,GENIAL,31400000,6362416164,5453,Howto & Style,2017
119,Eros Now Music,31000000,16582648732,9807,Entertainment,2007
120,Luis Fonsi,30900000,14480846921,121,Entertainment,2014
121,Selena Gomez,30900000,11583101067,182,Film & Animation,2008
122,Galinha Pintadinha,30800000,22858782418,62,Film & Animation,2006
123,SMTOWN,30800000,25203004950,3951,Music,2006
124,Mr Bean,30700000,9936630200,2661,Shows,2006
125,Bollywood Classics,30600000,19244430138,2008,Music,2012
126,CVS 3D Rhymes & Kids Songs,30500000,18636699832,338,Education,2008
127,Ricis Official,30500000,5134450983,2003,People & Blogs,2016
128,Trap Nation,30400000,13348694779,2472,Music,2012
129,Rajshri,30300000,13287506122,3739,Music,2006
130,DisneyMusicVEVO,30100000,24693346235,1771,Music,2010
131,Dream,30000000,2673017855,110,Gaming,2014
132,The Tonight Show Starring Jimmy Fallon,29900000,16006240303,7897,Comedy,2006
133,AH,29900000,4082464979,1809,Entertainment,2014
134,Saregama Music,29700000,12147894890,5718,Entertainment,2013
135,Spinnin' Records,29600000,20075386002,10826,Music,2007
136,rezendeevil,29600000,12599347383,11571,Gaming,2012
137,Shawn Mendes,29500000,11742431673,132,Music,2011
138,Popular on YouTube,29400000,0,0,,2013
139,Boram Tube Vlog [보람튜브 브이로그],29400000,13109187449,223,Entertainment,2012
140,BabyBus - Kids Songs and Cartoons,29200000,23790606514,1825,Education,2016
141,AuronPlay,29200000,3935938048,404,Comedy,2006
142,The Weeknd,29100000,19280816380,123,Music,2011
143,Maluma,28700000,19638529002,20,Music,2018
144,Adele,28700000,12650300730,14,Music,2008
145,jacksepticeye,28600000,15485608801,4988,Gaming,2007
146,ImagineDragons,28600000,14307239074,67,Music,2009
147,Worldwide Records Bhojpuri,28600000,14501468946,5927,Music,2012
148,Ultra Music,28600000,16201384834,4665,Music,2006
149,Jingle Toons,28600000,9728073444,228,Film & Animation,2013
150,ashish chanchlani vines,28600000,4054589048,147,Comedy,2009
151,PowerKids TV,28400000,14322875759,2509,Film & Animation,2014
152,MrBeast Gaming,28400000,4943059589,132,Gaming,2020
153,Peppa Pig - Official Channel,28200000,21008328965,2020,Film & Animation,2013
154,قناة طيور الجنة | toyoraljanahtv,28100000,25743323512,3131,Entertainment,2008
155,DONA 도나,28100000,18421172559,160,Entertainment,2018
156,Techno Gamerz,28100000,7193172591,839,Gaming,2017
157,Wow Kidz,28000000,14967441549,3718,Film & Animation,2015
158,Talking Tom,28000000,13908482957,447,Comedy,2010
159,The Late Late Show with James Corden,27900000,9996299350,5422,Entertainment,2006
160,Little Angel: Nursery Rhymes & Kids Songs,27700000,20217178677,1146,Education,2015
161,GMANetwork,27600000,26290731375,114067,Entertainment,2006
162,KAROL G,27400000,14040459862,121,Music,2013
163,TheDonato,27200000,5094142687,2491,Entertainment,2015
164,Vlad và Nikita,27100000,17117316552,405,,2018
165,Round2hell,27100000,2862422681,67,Comedy,2016
166,infobells - Tamil,26900000,16492704526,460,Education,2014
167,Drake,26800000,12947966180,53,Music,2009
168,MR. INDIAN HACKER,26800000,4592841527,812,Science & Technology,2012
169,Zee News,26700000,12175851183,144314,News & Politics,2007
170,ToypuddingTV,26600000,15570902183,2579,Entertainment,2014
171,Genevieve's Playhouse - Learning Videos for Kids,26500000,18579474197,578,Education,2016
172,Bounce Patrol - Kids Songs,26400000,18891028184,205,Music,2013
173,Wiz Khalifa,26400000,12528940373,598,Music,2008
174,infobells - Telugu,26300000,13426911345,421,Education,2014
175,enchufetv,26300000,10022194205,994,Comedy,2011
176,AboFlah,26300000,3589276436,553,Gaming,2016
177,DanTDM,26200000,18809615646,3603,Gaming,2012
178,Aditya Music,26100000,22661822099,19992,Music,2008
179,Lucas and Marcus,26100000,7942766503,968,Entertainment,2011
180,WORLDSTARHIPHOP,25900000,19426357466,6259,Music,2008
181,व्लाद और निकिता,25900000,15750623413,427,,2018
182,Michael Jackson,25800000,12588288710,7,Music,2005
183,TaylorSwiftVEVO,25800000,23276597783,239,Music,2009
184,toycantando,25800000,13948216340,496,Music,2009
185,VanossGaming,25700000,14907579962,1581,Gaming,2011
186,LosPolinesios,25600000,7086413849,725,People & Blogs,2012
187,1MILLION Dance Studio,25500000,7409442051,4251,Entertainment,2015
188,BB Ki Vines,25500000,4371751617,185,Entertainment,2015
189,Renato Garcia,25400000,6901320769,3648,Entertainment,2011
190,JYP Entertainment,25200000,17152981455,1502,Music,2008
191,RihannaVEVO,25200000,18089677017,106,Music,2009
192,Nick Jr.,25100000,20691684541,4712,Film & Animation,2012
193,Smosh,25000000,10184035967,1366,Comedy,2005
194,EminemVEVO,24900000,18786748261,98,Music,2009
195,Marília Mendonça,24900000,16477333283,114,Music,2013
196,Beyoncé,24900000,15717379166,234,Music,2005
197,Yuya,24900000,2583410213,672,Howto & Style,2009
198,KatyPerryVEVO,24800000,22679485513,171,Music,2009
199,Jess No Limit,24700000,3060187306,1914,Entertainment,2017
200,WatchMojo.com,24600000,15650528115,22492,Music,2007
201,Las Ratitas,24600000,9217427023,217,People & Blogs,2015
202,Nicki Minaj,24500000,9386490086,31,Music,2013
203,Super JoJo - Nursery Rhymes & Kids Songs,24400000,831718833,61,,2019
204,Goldmines Dishoom,24400000,7143695444,2844,Film & Animation,2016
205,David Guetta,24300000,15959928823,633,Music,2009
206,Masha y el Oso,24300000,11006209206,840,Film & Animation,2016
207,Aditya Movies,24300000,7908171009,4274,Movies,2012
208,Netflix,24300000,5678834326,5650,Entertainment,2012
209,ZHC,24300000,2224916696,298,Film & Animation,2013
210,Post Malone,24200000,12492313399,51,Music,2011
211,1theK (원더케이),24200000,22605283252,16928,Music,2011
212,Amit Bhadana,24100000,2242631303,93,Entertainment,2012
213,Rans Entertainment,24000000,5688277632,3060,People & Blogs,2015
214,Chloe Ting,24000000,2735828023,367,Howto & Style,2011
215,Sandeep Maheshwari,24000000,1821164544,513,People & Blogs,2012
216,Raffy Tulfo in Action,23900000,12797189774,8755,News & Politics,2016
217,KSI,23900000,5898102699,1242,Entertainment,2009
218,Collins Key,23900000,6368398946,251,Entertainment,2011
219,James Charles,23900000,3687600020,406,Entertainment,2015
220,Ninja,23900000,2447087199,1418,Gaming,2011
221,Coldplay,23500000,15078170011,347,Music,2010
222,Logan Paul,23500000,5889189870,712,Entertainment,2015
223,DJ Snake,23400000,7645734689,209,Music,2008
224,Chris Brown,23400000,13630944140,21,Music,2006
225,Happy Lives,23400000,10089784164,596,Science & Technology,2016
226,TRANS7 OFFICIAL,23300000,12454676964,78951,Entertainment,2014
227,Troom Troom,23200000,9797581328,1992,Howto & Style,2015
228,ABPLIVE,23200000,6805551423,146479,People & Blogs,2017
229,Mister Max,23100000,14762469807,1046,People & Blogs,2014
230,NickyJamTV,23100000,15050718616,328,Music,2012
231,Shemaroo Movies,23000000,5590554837,2155,Entertainment,2011
232,Sesame Street,22900000,21078177585,3425,Entertainment,2006
233,Enrique Iglesias,22900000,16539033540,405,Music,2007
234,netd müzik,22800000,50658927334,20482,Music,2014
235,Jelly,22800000,14239994409,5667,Gaming,2014
236,Erlania e Valentina Pontes,22700000,7556615404,1117,Film & Animation,2014
237,DrossRotzank,22500000,5743037460,1508,Entertainment,2006
238,Anuel AA,22400000,11627613226,92,Music,2016
239,Goldmines Bollywood,22400000,7122122133,2409,Film & Animation,2015
240,Miss Katy,22300000,13424354473,990,People & Blogs,2014
241,The Chainsmokers,22300000,13337815978,237,Music,2012
242,Crazy XYZ,22300000,5869132761,1085,Entertainment,2017
243,Frost Diamond,22300000,5357578673,2191,Gaming,2014
244,Mark Rober,22300000,2935811566,107,Science & Technology,2011
245,The Lallantop,22200000,8155335430,39370,News & Politics,2015
246,Technical Guruji,22200000,3065204553,4609,Science & Technology,2015
247,GMM GRAMMY OFFICIAL,22100000,24128528075,13755,Music,2010
248,HUM TV,22100000,16656148835,59428,Entertainment,2011
249,Like Nastya AE,22100000,11179266145,576,Entertainment,2018
250,WB Kids,22100000,9340794746,1722,People & Blogs,2015
251,Venus Movies,22100000,6293790011,2456,Entertainment,2010
252,OneDirectionVEVO,22000000,11550410746,266,Music,2010
253,Smile Family,22000000,8261468075,413,People & Blogs,2018
254,mmoshaya,21900000,16356422375,1139,People & Blogs,2010
255,Lady Gaga,21900000,13835267771,172,People & Blogs,2008
256,White Hill Music,21700000,9719487276,5094,Entertainment,2014
257,Paulo Londra,21700000,7061442001,52,Music,2016
258,America's Got Talent,21700000,4016933296,2751,Entertainment,2006
259,TED,21700000,2370380465,4005,People & Blogs,2006
260,Sia,21600000,12150226022,144,Music,2007
261,Diana and Roma ARA,21600000,9790033957,503,,2019
262,Wave Music Bhojpuri,21500000,12148385591,21294,Music,2014
263,Peppa Pig Español Latino - Canal Oficial,21500000,6961098158,949,Film & Animation,2014
264,FaZe Rug,21500000,6009951177,1997,Gaming,2012
265,Goldmines Movies,21400000,4575205400,4025,Film & Animation,2013
266,Pen Movies,21200000,5588648749,1569,Film & Animation,2014
267,nigahiga,21200000,4357416327,403,Entertainment,2006
268,BabyBus - Canciones Infantiles & Cuentos,21100000,11922457689,973,Education,2018
269,Enaldinho,21100000,7382859153,2908,Comedy,2012
270,SSundee,21000000,12022708572,3067,Gaming,2009
271,Tasty,21000000,5508445771,4310,Howto & Style,2016
272,FGTeeV,20900000,22567064225,1594,Gaming,2013
273,Dua Lipa,20900000,9928011592,164,Music,2011
274,5-Minute Crafts DIY,20900000,4934552904,3961,Howto & Style,2018
275,Juan De Dios Pantoja,20900000,1601142353,175,Entertainment,2014
276,Indosiar,20800000,10126082404,58623,Music,2013
277,Like Nastya PRT,20800000,10441789042,529,Entertainment,2019
278,Preston,20800000,6955897177,3861,Gaming,2012
279,Baim Paula,20800000,4254648656,1957,People & Blogs,2016
280,Charlie Puth,20700000,8609202215,132,Music,2009
281,Canal Canalha,20700000,1834293432,291,Comedy,2011
282,MrBeast en Español,20700000,2290112686,72,Entertainment,2021
283,Goldmines Cineplex,20600000,1796017693,2474,Film & Animation,2015
284,Brent Rivera,20500000,4655819045,484,Comedy,2009
285,Kids TV - Nursery Rhymes And Baby Songs,20400000,11747446967,3367,Shows,2013
286,Disney Latinoamérica,20400000,19296050086,7811,Entertainment,2007
287,Becky G,20400000,9552800638,73,Music,2011
288,Family GamesTV,20400000,7061690830,277,Entertainment,2016
289,Jake Paul,20400000,7219140294,934,People & Blogs,2013
290,National Geographic,20400000,5199519260,9854,Science & Technology,2006
291,Tekashi 6ix9ine,20400000,5325195339,25,People & Blogs,2018
292,BuzzFeedVideo,20300000,17755714250,7347,People & Blogs,2011
293,Brave Wilderness,20300000,4606459332,718,Pets & Animals,2014
294,D Billions,20200000,21872499520,429,,2019
295,Avicii,20200000,9499913181,149,Music,2009
296,REACT,20100000,12940702514,3885,Entertainment,2007
297,LazarBeam,20100000,8389982773,1258,Gaming,2015
298,StarPlus,20100000,12116551500,12702,Entertainment,2006
299,AuthenticGames,20100000,8852635760,4638,Gaming,2011
300,Vevo,20000000,546905035,1519,Music,2006
301,Skrillex,20000000,6307539008,180,Music,2010
302,Rotana,20000000,16480938259,8109,Music,2012
303,Ultra Movie Parlour,20000000,4930920530,1302,Movies,2011
304,SlivkiShow,20000000,4345234891,426,Entertainment,2012
305,HaerteTest,20000000,3027361293,1160,Science & Technology,2011
306,5-Minute Crafts PLAY,19900000,5616881420,4440,Howto & Style,2017
307,Alan Becker,19900000,4321286202,116,Film & Animation,2006
308,JennaMarbles,19900000,1761774908,250,Comedy,2010
309,Mnet K-POP,19800000,15394134862,29028,Entertainment,2006
310,Lyrical Lemonade,19800000,9563010656,408,Entertainment,2013
311,Pencilmation,19800000,10849211839,1153,Film & Animation,2007
312,Tlnovelas,19700000,12776498114,29574,News & Politics,2013
313,Pentatonix,19700000,5694327707,235,Music,2011
314,Totoy kids - Português,19700000,3826474945,174,Film & Animation,2014
315,LankyBox,19600000,25787517689,5545,Comedy,2016
316,toyorbabytv,19600000,13978892435,1057,Music,2012
317,Vlad and Niki Arabic,19600000,9147535900,417,,2018
318,shane,19600000,4269173489,566,People & Blogs,2005
319,Marvel Entertainment,19500000,5098361752,7989,Entertainment,2005
320,Noor Stars,19500000,2545886796,627,Comedy,2014
321,GMA Public Affairs,19400000,11968987179,37390,Entertainment,2009
322,Romeo Santos,19400000,14819598563,28,Music,2005
323,Got Talent Global,19400000,7383775138,2454,Entertainment,2013
324,Dr. Vivek Bindra: Motivational Speaker,19400000,1478660028,683,Education,2013
325,Linkin Park,19300000,11783975855,592,Music,2006
326,Gordon Ramsay,19300000,3631748240,1287,Entertainment,2006
327,Troom Troom Es,19200000,7139476227,2591,People & Blogs,2016
328,Gusttavo Lima Oficial,19200000,11815001366,335,Music,2010
329,Kinder Spielzeug Kanal,19200000,9413508600,699,Entertainment,2015
330,Infinite,19200000,4383533818,1517,Entertainment,2014
331,Deddy Corbuzier,19200000,4075368246,1132,Entertainment,2009
332,Minecraft - Topic,19100000,0,0,,2013
333,Robin Hood Gamer,19100000,9328209625,3750,Entertainment,2014
334,★ Kids Roma Show,19100000,6410853410,589,People & Blogs,2015
335,Fatos Desconhecidos,19100000,3252868093,5240,Entertainment,2013
336,JukiLop,19100000,1540403509,85,People & Blogs,2017
337,Crafty Panda,19000000,5672497949,613,People & Blogs,2017
338,Kurzgesagt – In a Nutshell,19000000,2052293685,161,Education,2013
339,DLS News,19000000,1946197106,3559,News & Politics,2017
340,NBA,18900000,10791851871,42086,Sports,2005
341,Jimmy Kimmel Live,18800000,12472520905,6073,Entertainment,2006
342,The ACE Family,18800000,4497282091,668,People & Blogs,2016
343,Clash of Clans,18800000,3623586697,553,Gaming,2013
344,Sun TV,18700000,13622998578,34648,People & Blogs,2016
345,Ninja Kidz TV,18700000,9145485770,267,Entertainment,2017
346,Netflix India,18700000,5228700571,2707,People & Blogs,2016
347,Beast Reacts,18700000,2528480817,215,People & Blogs,2016
348,Britain's Got Talent,18600000,10512530241,3735,Entertainment,2008
349,TRT Originals Urdu,18600000,7370103100,740,Entertainment,2020
350,Lil Nas X,18600000,5659051618,37,Music,2018
351,Calvin Harris,18500000,14886853329,76,Music,2007
352,Green Gold TV - Official Channel,18500000,8985315647,1090,Film & Animation,2011
353,TheWillyrex,18500000,6957319094,6798,Comedy,2011
354,Cardi B,18500000,7069624864,60,People & Blogs,2016
355,invictor,18500000,7050721828,2106,Gaming,2013
356,shakiraVEVO,18400000,22257341033,189,Music,2009
357,CKN,18300000,18786377776,814,Entertainment,2015
358,Official Pink Panther,18300000,9942133522,629,Film & Animation,2013
359,Sonotek,18300000,7133240982,8169,Entertainment,2011
360,MiawAug,18200000,5236302709,3287,Gaming,2014
361,KBS WORLD TV,18200000,13926619677,58485,Entertainment,2007
362,Turma da Mônica,18200000,13088159940,1094,Film & Animation,2012
363,CookieSwirlC,18200000,20938593710,3571,Entertainment,2013
364,David Dobrik,18200000,7087407988,536,People & Blogs,2014
365,Unbox Therapy,18200000,4332532776,2053,Science & Technology,2010
366,The Royalty Family,18200000,4490004408,633,People & Blogs,2017
367,A_S Gaming,18200000,2476464261,932,Gaming,2016
368,HiMan,18200000,2367699484,326,People & Blogs,2014
369,BabyBus - Cerita & Lagu Anak-anak,18100000,10232250581,672,Education,2019
370,Dan-Sa / Daniel Saboya,18100000,6165702828,2062,Music,2007
371,Vania Mania Kids,18100000,6908411472,825,People & Blogs,2015
372,PDK Films,18100000,3910330714,108,Entertainment,2009
373,GEN HALILINTAR,18100000,3178960318,969,Entertainment,2015
374,ElTrollino,18000000,5486103239,1517,Entertainment,2013
375,Мирошка ТВ,18000000,4603751673,84,Education,2018
376,TheOdd1sOut,18000000,4023496321,113,Comedy,2014
377,INCRÍVEL,18000000,3017467860,5682,People & Blogs,2017
378,Emiway Bantai,18000000,3038899728,201,Music,2013
379,Vsauce,18000000,2415927927,391,Science & Technology,2007
380,Farruko,17900000,8480000414,193,Music,2009
381,Diana and Roma EN,17900000,3868166958,424,People & Blogs,2011
382,ArianaGrandeVevo,17800000,19011269725,177,Music,2010
383,Like Nastya Vlog,17800000,7561933732,397,People & Blogs,2016
384,Demi Lovato,17800000,6495131112,282,Music,2008
385,Lele Pons,17800000,4958584356,154,Comedy,2015
386,Lil Pump,17800000,4091109829,59,Music,2015
387,Naisa Alifia Yuriza (N.A.Y),17800000,2521515641,1462,People & Blogs,2017
388,SCTV,17700000,8588329369,50080,Entertainment,2011
389,Good Mythical Morning,17700000,8074270215,2980,Entertainment,2008
390,TheGrefg,17700000,6077820746,3332,Gaming,2012
391,Ali-A,17700000,5766028299,3920,Gaming,2006
392,Marmok,17700000,3131925799,344,Gaming,2008
393,Mother Goose Club Playhouse,17600000,15500399390,1282,Shows,2009
394,RsiamMusic : อาร์สยาม,17600000,10952154122,2663,Music,2011
395,Little Angel Español - Canciones Infantiles,17600000,8525569510,580,Education,2018
396,Познаватель,17600000,8522826642,476,Entertainment,2014
397,JFlaMusic,17600000,3657526529,282,Music,2011
398,Village Cooking Channel,17600000,4477436881,211,Howto & Style,2018
399,FactTechz,17500000,2112929572,578,Entertainment,2016
400,Sebastián Yatra,17400000,9316925082,196,News & Politics,2013
401,officialpsy,17400000,9825292199,119,Music,2010
402,Vlad and Niki IDN,17400000,8231518268,392,,2018
403,Porta dos Fundos,17400000,7258838590,1960,Entertainment,2012
404,Liza Koshy,17400000,2595554113,189,Comedy,2013
405,etvteluguindia,17300000,19465295267,111360,Entertainment,2010
406,Vijay Television,17300000,19901616359,27059,Entertainment,2007
407,TED-Ed,17300000,3287834094,1948,Education,2011
408,Stubborn Facts,17300000,827786482,217,Film & Animation,2016
409,PopularMMOs,17200000,14475783059,4686,Gaming,2012
410,SQUEEZIE,17200000,9258609822,1471,Gaming,2011
411,Masha e o Urso,17200000,7131816532,856,Shows,2016
412,Willyrex,17200000,4808457361,6686,Gaming,2009
413,RobleisIUTU,17200000,4680573231,1145,Entertainment,2013
414,EeOneGuy,17200000,3804413513,363,Entertainment,2013
415,LuisFonsiVEVO,17100000,14008585257,96,Music,2009
416,GRAMMY GOLD OFFICIAL,17100000,17974040182,5334,Music,2014
417,SUPER SLICK SLIME SAM,17100000,6078466417,741,Howto & Style,2018
418,HowToBasic,17100000,3561001854,563,Howto & Style,2011
419,李子柒 Liziqi,17100000,2801548472,128,Howto & Style,2017
420,Gaby and Alex,17000000,7942553236,351,Entertainment,2012
421,شبكة العاب العرب | Arab Games Network,17000000,7723277433,5515,Gaming,2013
422,Kiddiestv Hindi - Nursery Rhymes & Kids Songs,17000000,6221383175,192,Education,2017
423,Rafa & Luiz,17000000,6273315738,2184,Entertainment,2015
424,Khan GS Research Centre,17000000,1670639781,347,Education,2019
425,हिंदी - Genevieve's Playhouse,16900000,9195178282,96,Education,2018
426,الـريماس - Al-Remas,16900000,10550888024,2047,Music,2013
427,Junya.じゅんや,16900000,9529205653,3150,Entertainment,2020
428,Guava Juice,16900000,8614218175,1754,Gaming,2006
429,Doggy Doggy Cartoons,16800000,6459285262,4723,Entertainment,2012
430,IGN,16800000,14633922961,149770,Gaming,2006
431,Jason Derulo,16800000,8808599101,451,Music,2008
432,Maya and Mary,16800000,6304251610,539,Entertainment,2013
433,DUDU e CAROL,16700000,6530946230,2874,Autos & Vehicles,2013
434,Jane ASMR 제인,16700000,6443586305,1546,,2012
435,Anitta,16700000,6610175435,99,Music,2011
436,Werever2morro,16700000,2714071108,972,Entertainment,2007
437,Triggered Insaan,16700000,2657491028,265,Comedy,2014
438,7clouds,16600000,11637964945,1940,Music,2013
439,Tu COSMOPOLIS,16600000,4875900353,6796,People & Blogs,2014
440,DeToxoMoroxo,16600000,2212149791,488,Entertainment,2012
441,Sourav Joshi Vlogs,16500000,5970849535,1039,People & Blogs,2019
442,TheBrianMaps,16500000,4090289417,476,Comedy,2012
443,Manual do Mundo,16500000,3367572384,2117,Howto & Style,2006
444,SonyMusicSouthVEVO,16400000,15090557603,4304,Music,2014
445,zbing z.,16400000,8307904773,2763,Gaming,2014
446,Dhar Mann,16400000,8642459264,649,People & Blogs,2018
447,IDEAS EN 5 MINUTOS,16400000,3509049258,4658,Howto & Style,2017
448,W2S,16300000,4739609055,653,Gaming,2012
449,Shemaroo Comedy,16300000,4923411314,3467,Entertainment,2007
450,ExtraPolinesios,16300000,4696367446,480,People & Blogs,2012
451,Goldmines Great Indian Comedy,16300000,4238595667,2008,Film & Animation,2016
452,Prajapati News,16300000,907965523,1081,Comedy,2013
453,SOMOY TV,16200000,9476895180,124072,News & Politics,2015
454,Sony AATH,16200000,10718891416,14759,Shows,2013
455,Miley Cyrus,16200000,6235405830,124,Entertainment,2009
456,Sandra Cires Art,16200000,3702173328,953,Howto & Style,2011
457,tanboy kun,16200000,3020272233,582,People & Blogs,2016
458,Sidhu Moose Wala,16200000,4078330367,111,Music,2017
459,Blippi - Educational Videos for Kids,16100000,12991967769,453,Education,2014
460,Queen Official,16100000,9723539941,908,Music,2008
461,Travis Scott,16100000,7187033169,13,Music,2013
462,Les' Copaque Production,16100000,7954662776,1427,Film & Animation,2009
463,Zuni and Family,16100000,5830669187,176,People & Blogs,2017
464,Sidemen,16100000,4196033350,264,Entertainment,2015
465,The Game Theorists,16100000,3546490692,659,Gaming,2009
466,Antrax,16100000,2949891202,654,Gaming,2015
467,Canal IN,16100000,2573050059,723,People & Blogs,2017
468,Dushyant kukreja,16000000,11095340736,571,Entertainment,2015
469,TRANS TV Official,16000000,8780937851,123467,Entertainment,2014
470,Little Mix,16000000,7047968268,278,Music,2011
471,RKD Studios,16000000,4133234619,622,Entertainment,2014
472,FailArmy,16000000,2041620563,337,Comedy,2011
473,El Reino a Jugar,15900000,10175537321,872,Education,2015
474,DopeLyrics,15900000,9803533121,1937,Music,2016
475,Boyce Avenue,15900000,6230190520,438,Music,2007
476,Camila Cabello,15900000,6086165889,61,Music,2015
477,VICE,15900000,4174962442,3694,Entertainment,2005
478,Kaykai Salaider,15900000,4248704474,399,Comedy,2011
479,Fede Vigevani,15900000,4745414554,865,Howto & Style,2009
480,Marques Brownlee,15900000,3082486680,1454,Science & Technology,2008
481,jeffreestar,15900000,2575183135,428,Howto & Style,2006
482,Apple,15900000,808136104,205,Science & Technology,2005
483,Kids Play,15800000,7713981883,545,Entertainment,2018
484,Aayu and Pihu Show,15800000,7837311552,352,Comedy,2017
485,JJ Olatunji,15800000,3631494389,1183,Gaming,2011
486,Katie Angel,15800000,3007947714,732,People & Blogs,2015
487,MissaSinfonia,15800000,1918777559,232,Comedy,2011
488,AMARINTV : อมรินทร์ทีวี,15700000,11194074075,97231,Entertainment,2014
489,Rotten Tomatoes Trailers,15700000,12811981848,9582,Film & Animation,2011
490,Pitbull,15700000,11458130113,302,Music,2006
491,Enes Batur,15700000,9410061135,1979,Gaming,2012
492,Jennifer Lopez,15700000,9512025119,224,Music,2005
493,Jason Vlogs,15700000,7137778517,666,Education,2015
494,Alejo Igoa,15700000,5276127016,699,Comedy,2014
495,Matt Stonie,15700000,3249162653,401,Entertainment,2012
496,Caeli YT,15700000,1509244860,545,Entertainment,2010
497,Pop Chartbusters,15600000,7817983360,2154,Music,2011
498,Tilak,15600000,6132515137,3614,Film & Animation,2020
499,AdMe,15600000,4012749893,5356,Entertainment,2015
500,FunFun Toy Doll TV,15500000,6948469648,706,Entertainment,2016